test_run = require('test_run').new()
---
...
engine = test_run:get_cfg('engine')
---
...
_ = box.space._session_settings:update('sql_default_engine', {{'=', 2, engine}})
---
...
-- gh-3735: make sure that integer overflows errors are
-- handled during VDBE execution.
-- gh-3810: range of integer is extended up to 2^64 - 1.
--
box.execute('SELECT (2147483647 * 2147483647 * 2147483647);')
---
- null
- 'Failed to execute SQL statement: integer is overflowed'
...
box.execute('SELECT (-9223372036854775808 / -1);')
---
- metadata:
  - name: COLUMN_1
    type: integer
  rows:
  - [9223372036854775808]
...
box.execute('SELECT (-9223372036854775808 - 1);')
---
- null
- 'Failed to execute SQL statement: integer is overflowed'
...
box.execute('SELECT (9223372036854775807 + 1);')
---
- metadata:
  - name: COLUMN_1
    type: integer
  rows:
  - [9223372036854775808]
...
box.execute('SELECT (9223372036854775807 + 9223372036854775807 + 2);')
---
- null
- 'Failed to execute SQL statement: integer is overflowed'
...
box.execute('SELECT 18446744073709551615 * 2;')
---
- null
- 'Failed to execute SQL statement: integer is overflowed'
...
box.execute('SELECT (-9223372036854775807 * (-2));')
---
- metadata:
  - name: COLUMN_1
    type: integer
  rows:
  - [18446744073709551614]
...
-- Literals are checked right after parsing.
--
box.execute('SELECT 9223372036854775808;')
---
- metadata:
  - name: COLUMN_1
    type: integer
  rows:
  - [9223372036854775808]
...
box.execute('SELECT -9223372036854775809;')
---
- null
- Integer literal -9223372036854775809 exceeds the supported range [-9223372036854775808,
  18446744073709551615]
...
box.execute('SELECT 9223372036854775808 - 1;')
---
- metadata:
  - name: COLUMN_1
    type: integer
  rows:
  - [9223372036854775807]
...
box.execute('SELECT 18446744073709551615;')
---
- metadata:
  - name: COLUMN_1
    type: integer
  rows:
  - [18446744073709551615]
...
box.execute('SELECT 18446744073709551616;')
---
- null
- Integer literal 18446744073709551616 exceeds the supported range [-9223372036854775808,
  18446744073709551615]
...
-- Test that CAST may also leads to overflow.
--
box.execute('SELECT CAST(\'9223372036854775808\' AS INTEGER);')
---
- metadata:
  - name: COLUMN_1
    type: integer
  rows:
  - [9223372036854775808]
...
box.execute('SELECT CAST(\'18446744073709551616\' AS INTEGER);')
---
- null
- 'Type mismatch: can not convert string(''18446744073709551616'') to integer'
...
-- Due to inexact represantation of large integers in terms of
-- floating point numbers, numerics with value < UINT64_MAX
-- have UINT64_MAX + 1 value in integer representation:
-- float 18446744073709551600 -> int (18446744073709551616),
-- with error due to conversion = 16.
--
box.execute('SELECT CAST(18446744073709551600. AS INTEGER);')
---
- null
- 'Type mismatch: can not convert double(1.84467440737096e+19) to integer'
...
-- gh-3810: make sure that if space contains integers in range
-- [INT64_MAX, UINT64_MAX], they are handled inside SQL in a
-- proper way, which now means that an error is raised.
--
box.execute('CREATE TABLE t (id INT PRIMARY KEY);')
---
- row_count: 1
...
box.space.T:insert({9223372036854775809})
---
- [9223372036854775808]
...
box.space.T:insert({18446744073709551615ULL})
---
- [18446744073709551615]
...
box.execute('SELECT * FROM t;')
---
- metadata:
  - name: ID
    type: integer
  rows:
  - [9223372036854775808]
  - [18446744073709551615]
...
box.space.T:drop()
---
...
-- Make sure that integers stored in NUMBER field are converted
-- to floating point properly.
--
box.execute("CREATE TABLE t(id INT PRIMARY KEY, a NUMBER);")
---
- row_count: 1
...
box.space.T:insert({1, 18446744073709551615ULL})
---
- [1, 18446744073709551615]
...
box.space.T:insert({2, -1})
---
- [2, -1]
...
box.execute("SELECT * FROM t;")
---
- metadata:
  - name: ID
    type: integer
  - name: A
    type: number
  rows:
  - [1, 18446744073709551615]
  - [2, -1]
...
box.space.T:drop()
---
...
